[{"model": "account.profile", "pk": 1, "fields": {"user": 1, "phone": "+712334361", "avatar": "users/user1/avatar/avatar.jpg", "avatar_alt": ""}}, {"model": "account.profile", "pk": 2, "fields": {"user": 2, "phone": null, "avatar": "users/user2/avatar/silhouette-of-chinese-pavilion-on-the-mountain-at-sunset_218660-173.jpg", "avatar_alt": ""}}, {"model": "account.user", "pk": 1, "fields": {"password": "pbkdf2_sha256$600000$Y99bQ4DH6jKDiV5gp7ddVe$fygZDfwZcbKlqGkCM+n2nz1L8p3PJXnAIlmp1du7ROw=", "last_login": "2024-03-08T19:16:06.470Z", "is_superuser": true, "username": "admin", "first_name": "Nick", "last_name": "", "is_staff": true, "is_active": true, "date_joined": "2024-01-22T13:42:26.333Z", "email": "kva@kva.com", "groups": [], "user_permissions": []}}, {"model": "account.user", "pk": 2, "fields": {"password": "pbkdf2_sha256$600000$002fkAZb0n5cGYIKKoPKOy$//Kmx0MTvzqliE8UrKhCE3CcBFTSZHqNTGrdGkr54cw=", "last_login": "2024-03-02T17:39:06.774Z", "is_superuser": false, "username": "12", "first_name": "12", "last_name": "", "is_staff": false, "is_active": true, "date_joined": "2024-01-22T13:49:08.672Z", "email": null, "groups": [], "user_permissions": []}}, {"model": "products.tag", "pk": 1, "fields": {"name": "Tag1"}}, {"model": "products.tag", "pk": 2, "fields": {"name": "Tag2"}}, {"model": "products.specification", "pk": 1, "fields": {"name": "Screen diagonal", "value": "17\""}}, {"model": "products.specification", "pk": 2, "fields": {"name": "RAM", "value": "8 Gb"}}, {"model": "products.specification", "pk": 3, "fields": {"name": "Screen diagonal", "value": "10\""}}, {"model": "products.specification", "pk": 4, "fields": {"name": "Screen diagonal", "value": "21\""}}, {"model": "products.category", "pk": 1, "fields": {"title": "Phones, tablets, laptops and portable equipment", "parent": null, "image": "categories/category1/image/mobile-devices.jpg", "image_alt": "some image alt", "archived": false}}, {"model": "products.category", "pk": 2, "fields": {"title": "Computer, network and office equipment", "parent": null, "image": "categories/category2/image/pc.jpg", "image_alt": "", "archived": false}}, {"model": "products.category", "pk": 3, "fields": {"title": "Phones", "parent": 1, "image": "categories/category3/image/smartphone.jpg", "image_alt": "monitor", "archived": false}}, {"model": "products.category", "pk": 4, "fields": {"title": "Monitors", "parent": 2, "image": "categories/category4/image/monitor.png", "image_alt": "", "archived": false}}, {"model": "products.category", "pk": 5, "fields": {"title": "Laptops", "parent": 1, "image": "categories/category5/image/laptop.jpg", "image_alt": "", "archived": false}}, {"model": "products.category", "pk": 6, "fields": {"title": "Tablets", "parent": 1, "image": "categories/category6/image/tablet.jpg", "image_alt": "", "archived": false}}, {"model": "products.category", "pk": 7, "fields": {"title": "Printers", "parent": 2, "image": "categories/category7/image/printer.jpg", "image_alt": "", "archived": false}}, {"model": "products.product", "pk": 1, "fields": {"title": "Laptop", "price": "999.00", "category": 5, "count": 1, "sold_count": 0, "created_at": "2024-01-28T10:37:51.758Z", "description": "Sed ut perspiciatis unde omnis iste natus error sit voluptatem accusantium doloremque laudantium, totam rem aperiam, eaque ipsa quae ab illo inventore veritatis et quasi architecto beatae vitae dicta sunt explicabo.", "full_description": "Sed ut perspiciatis unde omnis iste natus error sit voluptatem accusantium doloremque laudantium, totam rem aperiam, eaque ipsa quae ab illo inventore veritatis et quasi architecto beatae vitae dicta sunt explicabo. Nemo enim ipsam voluptatem quia voluptas sit aspernatur aut odit aut fugit, sed quia consequuntur magni dolores eos qui ratione voluptatem sequi nesciunt. Neque porro quisquam est, qui dolorem ipsum quia dolor sit amet, consectetur, adipisci velit, sed quia non numquam eius modi tempora incidunt ut labore et dolore magnam aliquam quaerat voluptatem. Ut enim ad minima veniam, quis nostrum exercitationem ullam corporis suscipit laboriosam, nisi ut aliquid ex ea commodi consequatur? Quis autem vel eum iure reprehenderit qui in ea voluptate velit esse quam nihil molestiae consequatur, vel illum qui dolorem eum fugiat quo voluptas nulla pariatur?", "free_delivery": true, "is_limited_edition": false, "is_banner": true, "rating": "4.5", "archived": false, "tags": [1], "specifications": [1, 2]}}, {"model": "products.product", "pk": 2, "fields": {"title": "Tablet", "price": "500.00", "category": 6, "count": 0, "sold_count": 0, "created_at": "2024-01-30T15:29:07.742Z", "description": "Etiam hendrerit eget arcu nec vulputate.", "full_description": "Etiam hendrerit eget arcu nec vulputate. Etiam at accumsan elit. Pellentesque porttitor turpis vel turpis aliquam blandit quis a lacus. Mauris lacinia, nisl quis bibendum vulputate, tortor diam dapibus purus, sed congue ex mi sit amet nunc. In pellentesque elit non quam tincidunt, sed facilisis magna interdum. Donec interdum ac mauris sit amet porttitor. Morbi sit amet ipsum ut risus viverra volutpat. Mauris nibh mi, varius sit amet semper vel, lacinia quis lectus. Vivamus eget sapien fringilla, pulvinar mi ut, malesuada sapien. In efficitur tempor elit, in accumsan sapien. Nam nec velit sem. Quisque efficitur eleifend leo pellentesque sodales. In non congue ipsum. Donec rutrum suscipit ex, sit amet elementum arcu tristique vel.", "free_delivery": true, "is_limited_edition": false, "is_banner": true, "rating": "3.0", "archived": false, "tags": [2], "specifications": [3]}}, {"model": "products.product", "pk": 3, "fields": {"title": "Smartphone", "price": "799.00", "category": 3, "count": 7, "sold_count": 5, "created_at": "2024-01-30T15:29:54.733Z", "description": "Nulla in libero volutpat, pellentesque erat eget, viverra nisi.", "full_description": "Nulla in libero volutpat, pellentesque erat eget, viverra nisi. Curabitur vel nunc libero. Pellentesque malesuada tristique orci eu aliquam. Sed et leo ac ipsum efficitur fermentum at nec urna. Morbi dapibus felis eleifend, egestas dui a, imperdiet ex. Duis varius ornare sapien sed molestie. Aliquam blandit bibendum augue sed facilisis. Vestibulum neque metus, aliquam at tristique ut, scelerisque in tortor. Praesent sapien turpis, scelerisque varius turpis pretium, interdum pretium est. Sed congue rhoncus sodales. Maecenas luctus ultrices velit, eu consequat neque faucibus ac. Proin laoreet nec urna id faucibus. Nullam quis diam molestie, pellentesque ipsum non, semper risus. Suspendisse accumsan mauris vel erat aliquam, at varius augue semper.", "free_delivery": true, "is_limited_edition": true, "is_banner": true, "rating": "4.0", "archived": false, "tags": [], "specifications": [2]}}, {"model": "products.product", "pk": 4, "fields": {"title": "Monitor", "price": "490.00", "category": 4, "count": 2, "sold_count": 4, "created_at": "2024-01-30T15:30:48.823Z", "description": "Maecenas in nisi in eros sagittis sagittis eget in purus.", "full_description": "Maecenas in nisi in eros sagittis sagittis eget in purus. Sed sollicitudin sit amet velit tempor bibendum. Quisque quis sapien ex. Lorem ipsum dolor sit amet, consectetur adipiscing elit. Nunc at libero odio. Suspendisse tincidunt enim ac neque porttitor, sed ultrices elit hendrerit. Nam commodo lorem vel euismod tempor. Donec pharetra cursus mauris quis lacinia. Quisque feugiat erat mollis congue dignissim. Suspendisse aliquam condimentum urna non sodales. Nam imperdiet quam at ullamcorper ullamcorper. Nulla eu ante sollicitudin, dapibus nulla at, lobortis augue.", "free_delivery": false, "is_limited_edition": true, "is_banner": false, "rating": "4.0", "archived": false, "tags": [1, 2], "specifications": [4]}}, {"model": "products.productimage", "pk": 1, "fields": {"product": 4, "image": "products/product4/images/monitor.png", "image_alt": ""}}, {"model": "products.productimage", "pk": 2, "fields": {"product": 3, "image": "products/product3/images/smartphone.jpg", "image_alt": ""}}, {"model": "products.productimage", "pk": 3, "fields": {"product": 2, "image": "products/product2/images/tablet.jpg", "image_alt": ""}}, {"model": "products.productimage", "pk": 4, "fields": {"product": 1, "image": "products/product1/images/laptop.jpg", "image_alt": ""}}, {"model": "products.sale", "pk": 1, "fields": {"product": 1, "date_from": "2024-03-12T00:00:00Z", "date_to": "2024-12-29T00:00:00Z", "sale_price": "800.00"}}, {"model": "products.sale", "pk": 2, "fields": {"product": 3, "date_from": "2024-03-11T00:00:00Z", "date_to": "2024-12-30T00:00:00Z", "sale_price": "700.00"}}, {"model": "products.sale", "pk": 3, "fields": {"product": 4, "date_from": "2024-03-10T00:00:00Z", "date_to": "2024-12-31T00:00:00Z", "sale_price": "400.00"}}, {"model": "products.review", "pk": 1, "fields": {"product": 4, "author": "Jack", "email": "jack@email.com", "text": "An amazing monitor", "rate": 5, "created_at": "2024-02-13T17:04:23.462Z"}}, {"model": "products.review", "pk": 2, "fields": {"product": 4, "author": "Susan", "email": "susan@email.org", "text": "Not bad", "rate": 4, "created_at": "2024-02-13T17:06:00.558Z"}}, {"model": "products.review", "pk": 3, "fields": {"product": 4, "author": "Somebody", "email": "somebody@email.net", "text": "Has dead pixels", "rate": 1, "created_at": "2024-02-13T17:19:03.059Z"}}, {"model": "products.review", "pk": 5, "fields": {"product": 3, "author": "Test", "email": "test@test.com", "text": "Test", "rate": 5, "created_at": "2024-02-13T17:34:31.064Z"}}, {"model": "products.review", "pk": 10, "fields": {"product": 3, "author": "Test", "email": "test@test.com", "text": "Test1", "rate": 3, "created_at": "2024-02-13T17:48:49.683Z"}}, {"model": "products.basketproduct", "pk": 1, "fields": {"basket": "60ac1520-a110-4db4-9090-d934a0b9f8f9", "product": 3, "count": 1}}, {"model": "products.basketproduct", "pk": 2, "fields": {"basket": "60ac1520-a110-4db4-9090-d934a0b9f8f9", "product": 4, "count": 2}}, {"model": "products.basket", "pk": "60ac1520-a110-4db4-9090-d934a0b9f8f9", "fields": {"user": 1, "last_accessed": "2024-03-16T17:41:07.344Z"}}, {"model": "products.orderproduct", "pk": 1, "fields": {"order": 2, "product": 3, "count": 1}}, {"model": "products.orderproduct", "pk": 2, "fields": {"order": 2, "product": 4, "count": 2}}, {"model": "products.orderproduct", "pk": 3, "fields": {"order": 2, "product": 2, "count": 1}}, {"model": "products.orderproduct", "pk": 4, "fields": {"order": 3, "product": 3, "count": 1}}, {"model": "products.orderproduct", "pk": 5, "fields": {"order": 3, "product": 4, "count": 2}}, {"model": "products.order", "pk": 2, "fields": {"user": 1, "created_at": "2024-03-02T15:59:11.149Z", "full_name": "Sidorov Sidor Sidorovich", "email": "kva@kva.com", "phone": "+712334363", "delivery_type": "express", "payment_type": "online", "total_cost": "2779.00", "status": "paid", "city": "Moscow", "address": "Pokrovka 20", "archived": false}}, {"model": "products.order", "pk": 3, "fields": {"user": 1, "created_at": "2024-03-02T19:16:12.660Z", "full_name": "Nick", "email": "kva@kva.com", "phone": "+712334361", "delivery_type": "ordinary", "payment_type": "someone", "total_cost": "1979.00", "status": "processing", "city": "Moscow", "address": "Sretensky blvd 1", "archived": false}}, {"model": "payments.payment", "pk": 1, "fields": {"order": 2, "card_number": 3246754, "name": "Sdorov Sidor", "paid_sum": "2779.00", "paid_at": "2024-03-15T10:46:13.668Z"}}]